Name,Precision,Recall,FScore,FeaturesWithoutRetrieved,InexistentFeaturesRetrieved
ACTIVITYDIAGRAM,1.0,0.010638297872340425,0.021052631578947368,SomethingRetrieved
ACTIVITYDIAGRAM_and_LOGGING,0,0.0,0,NothingRetrieved
ACTIVITYDIAGRAM_and_STATEDIAGRAM,0,0.0,0,NothingRetrieved
COGNITIVE,0,0.0,0,NothingRetrieved
COGNITIVE_and_DEPLOYMENTDIAGRAM,0,0.0,0,NothingRetrieved
COGNITIVE_and_LOGGING,0,0.0,0,NothingRetrieved
COGNITIVE_and_SEQUENCEDIAGRAM,0,0.0,0,NothingRetrieved
COLLABORATIONDIAGRAM,1.0,0.1875,0.3157894736842105,SomethingRetrieved
COLLABORATIONDIAGRAM_and_LOGGING,0,0.0,0,NothingRetrieved
COLLABORATIONDIAGRAM_and_LOGGING_and_SEQUENCEDIAGRAM,0,0.0,0,NothingRetrieved
COLLABORATIONDIAGRAM_and_SEQUENCEDIAGRAM,0,0.0,0,NothingRetrieved
DEPLOYMENTDIAGRAM,0,0.0,0,NothingRetrieved
DEPLOYMENTDIAGRAM_and_LOGGING,0,0.0,0,NothingRetrieved
DEPLOYMENTDIAGRAM_and_USECASEDIAGRAM,0,0.0,0,NothingRetrieved
LOGGING,0,0.0,0,NothingRetrieved
LOGGING_and_SEQUENCEDIAGRAM,0,0.0,0,NothingRetrieved
LOGGING_and_STATEDIAGRAM,0,0.0,0,NothingRetrieved
LOGGING_and_USECASEDIAGRAM,0,0.0,0,NothingRetrieved
not_COGNITIVE,0,0.0,0,NothingRetrieved
not_LOGGING,0,0.0,0,NothingRetrieved
SEQUENCEDIAGRAM,0,0.0,0,NothingRetrieved
SEQUENCEDIAGRAM_and_STATEDIAGRAM,0,0.0,0,NothingRetrieved
STATEDIAGRAM,1.0,0.19387755102040816,0.3247863247863248,SomethingRetrieved
USECASEDIAGRAM,0,0.0,0,NothingRetrieved
Average,0.125,0.016333993703864524,0.02756785125206178,21.0,0,