Name,Precision,Recall,FScore,FeaturesWithoutRetrieved,InexistentFeaturesRetrieved
not_LOGGING,0,0.0,0,NothingRetrieved
DEPLOYMENTDIAGRAM_and_LOGGING,0,0.0,0,NothingRetrieved
SEQUENCEDIAGRAM_and_STATEDIAGRAM,0,0.0,0,NothingRetrieved
SEQUENCEDIAGRAM,1.0,0.3037974683544304,0.46601941747572817,SomethingRetrieved
COGNITIVE_and_SEQUENCEDIAGRAM,0,0.0,0,NothingRetrieved
COLLABORATIONDIAGRAM_and_SEQUENCEDIAGRAM,0,0.0,0,NothingRetrieved
COLLABORATIONDIAGRAM,1.0,0.1875,0.3157894736842105,SomethingRetrieved
LOGGING_and_USECASEDIAGRAM,0,0.0,0,NothingRetrieved
DEPLOYMENTDIAGRAM,1.0,0.59375,0.7450980392156863,SomethingRetrieved
COLLABORATIONDIAGRAM_and_LOGGING_and_SEQUENCEDIAGRAM,0,0.0,0,NothingRetrieved
ACTIVITYDIAGRAM,1.0,0.14893617021276595,0.25925925925925924,SomethingRetrieved
STATEDIAGRAM,1.0,0.19387755102040816,0.3247863247863248,SomethingRetrieved
COGNITIVE_and_DEPLOYMENTDIAGRAM,0,0.0,0,NothingRetrieved
USECASEDIAGRAM,1.0,0.5576923076923077,0.7160493827160493,SomethingRetrieved
COGNITIVE_and_LOGGING,0,0.0,0,NothingRetrieved
ACTIVITYDIAGRAM_and_STATEDIAGRAM,0,0.0,0,NothingRetrieved
COLLABORATIONDIAGRAM_and_LOGGING,0,0.0,0,NothingRetrieved
LOGGING,0,0.0,0,NothingRetrieved
not_COGNITIVE,0,0.0,0,NothingRetrieved
LOGGING_and_SEQUENCEDIAGRAM,0,0.0,0,NothingRetrieved
LOGGING_and_STATEDIAGRAM,0,0.0,0,NothingRetrieved
DEPLOYMENTDIAGRAM_and_USECASEDIAGRAM,0,0.0,0,NothingRetrieved
COGNITIVE,0,0.0,0,NothingRetrieved
ACTIVITYDIAGRAM_and_LOGGING,0,0.0,0,NothingRetrieved
Average,0.25,0.08273139571999634,0.11779174571405243,18.0,0,